"","Comp.1","Comp.2","Comp.3"
"da_Mean",-0.346239654414703,0.937806767157928,0.0252303227007104
"ovrmou_Mean",-0.665968637369781,-0.226756783509756,-0.710680754750082
"ovrrev_Mean",-0.660760074271005,-0.262868462553241,0.703062085198933
